id,content_type_id,codename,name
1,1,add_logentry,Can add log entry
2,1,change_logentry,Can change log entry
3,1,delete_logentry,Can delete log entry
4,1,view_logentry,Can view log entry
5,2,add_permission,Can add permission
6,2,change_permission,Can change permission
7,2,delete_permission,Can delete permission
8,2,view_permission,Can view permission
9,3,add_group,Can add group
10,3,change_group,Can change group
11,3,delete_group,Can delete group
12,3,view_group,Can view group
13,4,add_user,Can add user
14,4,change_user,Can change user
15,4,delete_user,Can delete user
16,4,view_user,Can view user
17,5,add_contenttype,Can add content type
18,5,change_contenttype,Can change content type
19,5,delete_contenttype,Can delete content type
20,5,view_contenttype,Can view content type
21,6,add_session,Can add session
22,6,change_session,Can change session
23,6,delete_session,Can delete session
24,6,view_session,Can view session
25,7,add_about,Can add about
26,7,change_about,Can change about
27,7,delete_about,Can delete about
28,7,view_about,Can view about
29,8,add_banner,Can add banner
30,8,change_banner,Can change banner
31,8,delete_banner,Can delete banner
32,8,view_banner,Can view banner
33,9,add_glance,Can add glance
34,9,change_glance,Can change glance
35,9,delete_glance,Can delete glance
36,9,view_glance,Can view glance
37,10,add_quickaccess,Can add quick access
38,10,change_quickaccess,Can change quick access
39,10,delete_quickaccess,Can delete quick access
40,10,view_quickaccess,Can view quick access
41,11,add_section,Can add section
42,11,change_section,Can change section
43,11,delete_section,Can delete section
44,11,view_section,Can view section
45,12,add_campus_gallery,Can add campus_gallery
46,12,change_campus_gallery,Can change campus_gallery
47,12,delete_campus_gallery,Can delete campus_gallery
48,12,view_campus_gallery,Can view campus_gallery
49,13,add_campus_life,Can add campus_life
50,13,change_campus_life,Can change campus_life
51,13,delete_campus_life,Can delete campus_life
52,13,view_campus_life,Can view campus_life
53,14,add_companies_hiring,Can add companies_hiring
54,14,change_companies_hiring,Can change companies_hiring
55,14,delete_companies_hiring,Can delete companies_hiring
56,14,view_companies_hiring,Can view companies_hiring
57,15,add_excellence_in_education,Can add excellence_in_ education
58,15,change_excellence_in_education,Can change excellence_in_ education
59,15,delete_excellence_in_education,Can delete excellence_in_ education
60,15,view_excellence_in_education,Can view excellence_in_ education
61,16,add_glancestat,Can add glance stat
62,16,change_glancestat,Can change glance stat
63,16,delete_glancestat,Can delete glance stat
64,16,view_glancestat,Can view glance stat
65,17,add_leadership,Can add leadership
66,17,change_leadership,Can change leadership
67,17,delete_leadership,Can delete leadership
68,17,view_leadership,Can view leadership
69,18,add_newsandevents,Can add newsand events
70,18,change_newsandevents,Can change newsand events
71,18,delete_newsandevents,Can delete newsand events
72,18,view_newsandevents,Can view newsand events
73,19,add_virtualexperience,Can add virtual experience
74,19,change_virtualexperience,Can change virtual experience
75,19,delete_virtualexperience,Can delete virtual experience
76,19,view_virtualexperience,Can view virtual experience
77,20,add_documentcard,Can add document card
78,20,change_documentcard,Can change document card
79,20,delete_documentcard,Can delete document card
80,20,view_documentcard,Can view document card
81,21,add_genericcard,Can add generic card
82,21,change_genericcard,Can change generic card
83,21,delete_genericcard,Can delete generic card
84,21,view_genericcard,Can view generic card
85,22,add_globalcollaborationcard,Can add global collaboration card
86,22,change_globalcollaborationcard,Can change global collaboration card
87,22,delete_globalcollaborationcard,Can delete global collaboration card
88,22,view_globalcollaborationcard,Can view global collaboration card
89,23,add_governancecard,Can add governance card
90,23,change_governancecard,Can change governance card
91,23,delete_governancecard,Can delete governance card
92,23,view_governancecard,Can view governance card
93,24,add_herosection,Can add hero section
94,24,change_herosection,Can change hero section
95,24,delete_herosection,Can delete hero section
96,24,view_herosection,Can view hero section
97,25,add_imagecard,Can add image card
98,25,change_imagecard,Can change image card
99,25,delete_imagecard,Can delete image card
100,25,view_imagecard,Can view image card
101,26,add_progressbar,Can add progress bar
102,26,change_progressbar,Can change progress bar
103,26,delete_progressbar,Can delete progress bar
104,26,view_progressbar,Can view progress bar
105,27,add_tabsection,Can add tab section
106,27,change_tabsection,Can change tab section
107,27,delete_tabsection,Can delete tab section
108,27,view_tabsection,Can view tab section
109,28,add_timelineelement,Can add timeline element
110,28,change_timelineelement,Can change timeline element
111,28,delete_timelineelement,Can delete timeline element
112,28,view_timelineelement,Can view timeline element
113,29,add_academic_stayupdated,Can add academic_ stayupdated
114,29,change_academic_stayupdated,Can change academic_ stayupdated
115,29,delete_academic_stayupdated,Can delete academic_ stayupdated
116,29,view_academic_stayupdated,Can view academic_ stayupdated
117,30,add_academicevent,Can add academic event
118,30,change_academicevent,Can change academic event
119,30,delete_academicevent,Can delete academic event
120,30,view_academicevent,Can view academic event
121,31,add_academicherosection,Can add academicherosection
122,31,change_academicherosection,Can change academicherosection
123,31,delete_academicherosection,Can delete academicherosection
124,31,view_academicherosection,Can view academicherosection
125,32,add_academicregulation,Can add academic regulation
126,32,change_academicregulation,Can change academic regulation
127,32,delete_academicregulation,Can delete academic regulation
128,32,view_academicregulation,Can view academic regulation
129,33,add_benefits_cbcbs,Can add benefits_cbcbs
130,33,change_benefits_cbcbs,Can change benefits_cbcbs
131,33,delete_benefits_cbcbs,Can delete benefits_cbcbs
132,33,view_benefits_cbcbs,Can view benefits_cbcbs
133,34,add_cbcs_courses,Can add cbcs_courses
134,34,change_cbcs_courses,Can change cbcs_courses
135,34,delete_cbcs_courses,Can delete cbcs_courses
136,34,view_cbcs_courses,Can view cbcs_courses
137,35,add_cbcs_gradingscale,Can add cbcs_ grading scale
138,35,change_cbcs_gradingscale,Can change cbcs_ grading scale
139,35,delete_cbcs_gradingscale,Can delete cbcs_ grading scale
140,35,view_cbcs_gradingscale,Can view cbcs_ grading scale
141,36,add_centerofexcellence,Can add center of excellence
142,36,change_centerofexcellence,Can change center of excellence
143,36,delete_centerofexcellence,Can delete center of excellence
144,36,view_centerofexcellence,Can view center of excellence
145,37,add_coe_gallery,Can add coe_gallery
146,37,change_coe_gallery,Can change coe_gallery
147,37,delete_coe_gallery,Can delete coe_gallery
148,37,view_coe_gallery,Can view coe_gallery
149,38,add_collaborationprogram,Can add collaboration program
150,38,change_collaborationprogram,Can change collaboration program
151,38,delete_collaborationprogram,Can delete collaboration program
152,38,view_collaborationprogram,Can view collaboration program
153,39,add_collaborations_mou,Can add collaborations_mou
154,39,change_collaborations_mou,Can change collaborations_mou
155,39,delete_collaborations_mou,Can delete collaborations_mou
156,39,view_collaborations_mou,Can view collaborations_mou
157,40,add_explore_cbcs,Can add explore_cbcs
158,40,change_explore_cbcs,Can change explore_cbcs
159,40,delete_explore_cbcs,Can delete explore_cbcs
160,40,view_explore_cbcs,Can view explore_cbcs
161,41,add_faculty_join,Can add faculty_join
162,41,change_faculty_join,Can change faculty_join
163,41,delete_faculty_join,Can delete faculty_join
164,41,view_faculty_join,Can view faculty_join
165,42,add_facultydirectory,Can add facultydirectory
166,42,change_facultydirectory,Can change facultydirectory
167,42,delete_facultydirectory,Can delete facultydirectory
168,42,view_facultydirectory,Can view facultydirectory
169,43,add_facultymember,Can add faculty member
170,43,change_facultymember,Can change faculty member
171,43,delete_facultymember,Can delete faculty member
172,43,view_facultymember,Can view faculty member
173,44,add_herosection_cbcs,Can add herosection_cbcs
174,44,change_herosection_cbcs,Can change herosection_cbcs
175,44,delete_herosection_cbcs,Can delete herosection_cbcs
176,44,view_herosection_cbcs,Can view herosection_cbcs
177,45,add_herosection_centereofexcellence,Can add herosection_centereofexcellence
178,45,change_herosection_centereofexcellence,Can change herosection_centereofexcellence
179,45,delete_herosection_centereofexcellence,Can delete herosection_centereofexcellence
180,45,view_herosection_centereofexcellence,Can view herosection_centereofexcellence
181,46,add_herosection_mou,Can add herosection_mou
182,46,change_herosection_mou,Can change herosection_mou
183,46,delete_herosection_mou,Can delete herosection_mou
184,46,view_herosection_mou,Can view herosection_mou
185,47,add_herosection_reports,Can add herosection_reports
186,47,change_herosection_reports,Can change herosection_reports
187,47,delete_herosection_reports,Can delete herosection_reports
188,47,view_herosection_reports,Can view herosection_reports
189,48,add_institutionalreport,Can add institutional report
190,48,change_institutionalreport,Can change institutional report
191,48,delete_institutionalreport,Can delete institutional report
192,48,view_institutionalreport,Can view institutional report
193,49,add_join_coe,Can add join_coe
194,49,change_join_coe,Can change join_coe
195,49,delete_join_coe,Can delete join_coe
196,49,view_join_coe,Can view join_coe
197,50,add_partnerinstitute,Can add partner institute
198,50,change_partnerinstitute,Can change partner institute
199,50,delete_partnerinstitute,Can delete partner institute
200,50,view_partnerinstitute,Can view partner institute
201,51,add_school,Can add school
202,51,change_school,Can change school
203,51,delete_school,Can delete school
204,51,view_school,Can view school
205,52,add_upcomingopportunity,Can add upcoming opportunity
206,52,change_upcomingopportunity,Can change upcoming opportunity
207,52,delete_upcomingopportunity,Can delete upcoming opportunity
208,52,view_upcomingopportunity,Can view upcoming opportunity
209,53,add_what_is_cbcs,Can add what_is_cbcs
210,53,change_what_is_cbcs,Can change what_is_cbcs
211,53,delete_what_is_cbcs,Can delete what_is_cbcs
212,53,view_what_is_cbcs,Can view what_is_cbcs
213,54,add_about,Can add about
214,54,change_about,Can change about
215,54,delete_about,Can delete about
216,54,view_about,Can view about
217,55,add_banner,Can add banner
218,55,change_banner,Can change banner
219,55,delete_banner,Can delete banner
220,55,view_banner,Can view banner
221,56,add_quickaccess,Can add quick access
222,56,change_quickaccess,Can change quick access
223,56,delete_quickaccess,Can delete quick access
224,56,view_quickaccess,Can view quick access
225,57,add_campus_gallery,Can add campus_gallery
226,57,change_campus_gallery,Can change campus_gallery
227,57,delete_campus_gallery,Can delete campus_gallery
228,57,view_campus_gallery,Can view campus_gallery
229,58,add_campus_life,Can add campus_life
230,58,change_campus_life,Can change campus_life
231,58,delete_campus_life,Can delete campus_life
232,58,view_campus_life,Can view campus_life
233,59,add_companies_hiring,Can add companies_hiring
234,59,change_companies_hiring,Can change companies_hiring
235,59,delete_companies_hiring,Can delete companies_hiring
236,59,view_companies_hiring,Can view companies_hiring
237,60,add_excellence_in_education,Can add excellence_in_ education
238,60,change_excellence_in_education,Can change excellence_in_ education
239,60,delete_excellence_in_education,Can delete excellence_in_ education
240,60,view_excellence_in_education,Can view excellence_in_ education
241,61,add_glancestat,Can add glance stat
242,61,change_glancestat,Can change glance stat
243,61,delete_glancestat,Can delete glance stat
244,61,view_glancestat,Can view glance stat
245,62,add_leadership,Can add leadership
246,62,change_leadership,Can change leadership
247,62,delete_leadership,Can delete leadership
248,62,view_leadership,Can view leadership
249,63,add_newsandevents,Can add newsand events
250,63,change_newsandevents,Can change newsand events
251,63,delete_newsandevents,Can delete newsand events
252,63,view_newsandevents,Can view newsand events
253,64,add_virtualexperience,Can add virtual experience
254,64,change_virtualexperience,Can change virtual experience
255,64,delete_virtualexperience,Can delete virtual experience
256,64,view_virtualexperience,Can view virtual experience
257,65,add_aboutuscard,Can add about us card
258,65,change_aboutuscard,Can change about us card
259,65,delete_aboutuscard,Can delete about us card
260,65,view_aboutuscard,Can view about us card
261,66,add_chancellorherosection,Can add chancellor hero section
262,66,change_chancellorherosection,Can change chancellor hero section
263,66,delete_chancellorherosection,Can delete chancellor hero section
264,66,view_chancellorherosection,Can view chancellor hero section
265,67,add_chancellormessage,Can add chancellor message
266,67,change_chancellormessage,Can change chancellor message
267,67,delete_chancellormessage,Can delete chancellor message
268,67,view_chancellormessage,Can view chancellor message
269,68,add_governanceherosection,Can add governance hero section
270,68,change_governanceherosection,Can change governance hero section
271,68,delete_governanceherosection,Can delete governance hero section
272,68,view_governanceherosection,Can view governance hero section
273,69,add_herosectionaboutus,Can add hero section about us
274,69,change_herosectionaboutus,Can change hero section about us
275,69,delete_herosectionaboutus,Can delete hero section about us
276,69,view_herosectionaboutus,Can view hero section about us
277,70,add_knowvicechancellor,Can add know vice chancellor
278,70,change_knowvicechancellor,Can change know vice chancellor
279,70,delete_knowvicechancellor,Can delete know vice chancellor
280,70,view_knowvicechancellor,Can view know vice chancellor
281,71,add_mandatorybodysection,Can add mandatory body section
282,71,change_mandatorybodysection,Can change mandatory body section
283,71,delete_mandatorybodysection,Can delete mandatory body section
284,71,view_mandatorybodysection,Can view mandatory body section
285,72,add_mandatoryherosection,Can add mandatory hero section
286,72,change_mandatoryherosection,Can change mandatory hero section
287,72,delete_mandatoryherosection,Can delete mandatory hero section
288,72,view_mandatoryherosection,Can view mandatory hero section
289,73,add_policiesherosection,Can add policies hero section
290,73,change_policiesherosection,Can change policies hero section
291,73,delete_policiesherosection,Can delete policies hero section
292,73,view_policiesherosection,Can view policies hero section
293,74,add_regulatorycompliance,Can add regulatory compliance
294,74,change_regulatorycompliance,Can change regulatory compliance
295,74,delete_regulatorycompliance,Can delete regulatory compliance
296,74,view_regulatorycompliance,Can view regulatory compliance
297,75,add_rti,Can add rti
298,75,change_rti,Can change rti
299,75,delete_rti,Can delete rti
300,75,view_rti,Can view rti
301,76,add_universitypolicy,Can add university policy
302,76,change_universitypolicy,Can change university policy
303,76,delete_universitypolicy,Can delete university policy
304,76,view_universitypolicy,Can view university policy
305,77,add_vicechancellorherosection,Can add vice chancellor hero section
306,77,change_vicechancellorherosection,Can change vice chancellor hero section
307,77,delete_vicechancellorherosection,Can delete vice chancellor hero section
308,77,view_vicechancellorherosection,Can view vice chancellor hero section
309,78,add_vicechancellormessage,Can add vice chancellor message
310,78,change_vicechancellormessage,Can change vice chancellor message
311,78,delete_vicechancellormessage,Can delete vice chancellor message
312,78,view_vicechancellormessage,Can view vice chancellor message
313,79,add_footer,Can add footer
314,79,change_footer,Can change footer
315,79,delete_footer,Can delete footer
316,79,view_footer,Can view footer
317,80,add_navbar,Can add navbar
318,80,change_navbar,Can change navbar
319,80,delete_navbar,Can delete navbar
320,80,view_navbar,Can view navbar
321,81,add_themes,Can add themes
322,81,change_themes,Can change themes
323,81,delete_themes,Can delete themes
324,81,view_themes,Can view themes
325,82,add_actionbutton,Can add action button
326,82,change_actionbutton,Can change action button
327,82,delete_actionbutton,Can delete action button
328,82,view_actionbutton,Can view action button
329,83,add_admission_process,Can add admission_process
330,83,change_admission_process,Can change admission_process
331,83,delete_admission_process,Can delete admission_process
332,83,view_admission_process,Can view admission_process
333,84,add_admissiontab_international,Can add admission tab_international
334,84,change_admissiontab_international,Can change admission tab_international
335,84,delete_admissiontab_international,Can delete admission tab_international
336,84,view_admissiontab_international,Can view admission tab_international
337,85,add_applicationstep_international,Can add application step_international
338,85,change_applicationstep_international,Can change application step_international
339,85,delete_applicationstep_international,Can delete application step_international
340,85,view_applicationstep_international,Can view application step_international
341,86,add_contactoffice_ainternationaldmissions,Can add contact office_ainternationaldmissions
342,86,change_contactoffice_ainternationaldmissions,Can change contact office_ainternationaldmissions
343,86,delete_contactoffice_ainternationaldmissions,Can delete contact office_ainternationaldmissions
344,86,view_contactoffice_ainternationaldmissions,Can view contact office_ainternationaldmissions
345,87,add_courses_coursesoffered,Can add courses_coursesoffered
346,87,change_courses_coursesoffered,Can change courses_coursesoffered
347,87,delete_courses_coursesoffered,Can delete courses_coursesoffered
348,87,view_courses_coursesoffered,Can view courses_coursesoffered
349,88,add_courses_offered,Can add courses_offered
350,88,change_courses_offered,Can change courses_offered
351,88,delete_courses_offered,Can delete courses_offered
352,88,view_courses_offered,Can view courses_offered
353,89,add_eligibility_rservation,Can add eligibility_rservation
354,89,change_eligibility_rservation,Can change eligibility_rservation
355,89,delete_eligibility_rservation,Can delete eligibility_rservation
356,89,view_eligibility_rservation,Can view eligibility_rservation
357,90,add_eligibilityrequirement_interanational,Can add eligibility requirement_interanational
358,90,change_eligibilityrequirement_interanational,Can change eligibility requirement_interanational
359,90,delete_eligibilityrequirement_interanational,Can delete eligibility requirement_interanational
360,90,view_eligibilityrequirement_interanational,Can view eligibility requirement_interanational
361,91,add_fee_structure,Can add fee_structure
362,91,change_fee_structure,Can change fee_structure
363,91,delete_fee_structure,Can delete fee_structure
364,91,view_fee_structure,Can view fee_structure
365,92,add_feestructure_internationaladdmisions,Can add fee structure_internationaladdmisions
366,92,change_feestructure_internationaladdmisions,Can change fee structure_internationaladdmisions
367,92,delete_feestructure_internationaladdmisions,Can delete fee structure_internationaladdmisions
368,92,view_feestructure_internationaladdmisions,Can view fee structure_internationaladdmisions
369,93,add_importantdate,Can add important date
370,93,change_importantdate,Can change important date
371,93,delete_importantdate,Can delete important date
372,93,view_importantdate,Can view important date
373,94,add_international_admissions,Can add international_admissions
374,94,change_international_admissions,Can change international_admissions
375,94,delete_international_admissions,Can delete international_admissions
376,94,view_international_admissions,Can view international_admissions
377,95,add_program_feestructure,Can add program_ feestructure
378,95,change_program_feestructure,Can change program_ feestructure
379,95,delete_program_feestructure,Can delete program_ feestructure
380,95,view_program_feestructure,Can view program_ feestructure
381,96,add_programs_eligibility,Can add programs_eligibility
382,96,change_programs_eligibility,Can change programs_eligibility
383,96,delete_programs_eligibility,Can delete programs_eligibility
384,96,view_programs_eligibility,Can view programs_eligibility
385,97,add_ready_to_apply_coussesoffered,Can add ready_to_apply_coussesoffered
386,97,change_ready_to_apply_coussesoffered,Can change ready_to_apply_coussesoffered
387,97,delete_ready_to_apply_coussesoffered,Can delete ready_to_apply_coussesoffered
388,97,view_ready_to_apply_coussesoffered,Can view ready_to_apply_coussesoffered
389,98,add_requireddocument,Can add required document
390,98,change_requireddocument,Can change required document
391,98,delete_requireddocument,Can delete required document
392,98,view_requireddocument,Can view required document
393,99,add_scholarship_international,Can add scholarship_international
394,99,change_scholarship_international,Can change scholarship_international
395,99,delete_scholarship_international,Can delete scholarship_international
396,99,view_scholarship_international,Can view scholarship_international
397,100,add_schools_coursesoffered,Can add schools_coursesoffered
398,100,change_schools_coursesoffered,Can change schools_coursesoffered
399,100,delete_schools_coursesoffered,Can delete schools_coursesoffered
400,100,view_schools_coursesoffered,Can view schools_coursesoffered
401,101,add_stats_coursesoffered,Can add stats_coursesoffered
402,101,change_stats_coursesoffered,Can change stats_coursesoffered
403,101,delete_stats_coursesoffered,Can delete stats_coursesoffered
404,101,view_stats_coursesoffered,Can view stats_coursesoffered
405,102,add_stats_international,Can add stats_international
406,102,change_stats_international,Can change stats_international
407,102,delete_stats_international,Can delete stats_international
408,102,view_stats_international,Can view stats_international
409,103,add_step_process,Can add step_process
410,103,change_step_process,Can change step_process
411,103,delete_step_process,Can delete step_process
412,103,view_step_process,Can view step_process
413,104,add_studentsupportservice_international,Can add student support service_international
414,104,change_studentsupportservice_international,Can change student support service_international
415,104,delete_studentsupportservice_international,Can delete student support service_international
416,104,view_studentsupportservice_international,Can view student support service_international
417,105,add_requireddocument_international,Can add required document_international
418,105,change_requireddocument_international,Can change required document_international
419,105,delete_requireddocument_international,Can delete required document_international
420,105,view_requireddocument_international,Can view required document_international
421,106,add_brochuresectionitem,Can add brochure section item
422,106,change_brochuresectionitem,Can change brochure section item
423,106,delete_brochuresectionitem,Can delete brochure section item
424,106,view_brochuresectionitem,Can view brochure section item
425,107,add_careersupportstat,Can add career support stat
426,107,change_careersupportstat,Can change career support stat
427,107,delete_careersupportstat,Can delete career support stat
428,107,view_careersupportstat,Can view career support stat
429,108,add_internshipopportunity,Can add internship opportunity
430,108,change_internshipopportunity,Can change internship opportunity
431,108,delete_internshipopportunity,Can delete internship opportunity
432,108,view_internshipopportunity,Can view internship opportunity
433,109,add_internshipstep,Can add internship step
434,109,change_internshipstep,Can change internship step
435,109,delete_internshipstep,Can delete internship step
436,109,view_internshipstep,Can view internship step
437,110,add_placementbrochure,Can add placement brochure
438,110,change_placementbrochure,Can change placement brochure
439,110,delete_placementbrochure,Can delete placement brochure
440,110,view_placementbrochure,Can view placement brochure
441,111,add_placementstatistic,Can add placement statistic
442,111,change_placementstatistic,Can change placement statistic
443,111,delete_placementstatistic,Can delete placement statistic
444,111,view_placementstatistic,Can view placement statistic
445,112,add_recruiter,Can add recruiter
446,112,change_recruiter,Can change recruiter
447,112,delete_recruiter,Can delete recruiter
448,112,view_recruiter,Can view recruiter
449,113,add_stats,Can add stats
450,113,change_stats,Can change stats
451,113,delete_stats,Can delete stats
452,113,view_stats,Can view stats
453,114,add_trainingprogram,Can add training program
454,114,change_trainingprogram,Can change training program
455,114,delete_trainingprogram,Can delete training program
456,114,view_trainingprogram,Can view training program
457,115,add_whychooseuspoint,Can add why choose us point
458,115,change_whychooseuspoint,Can change why choose us point
459,115,delete_whychooseuspoint,Can delete why choose us point
460,115,view_whychooseuspoint,Can view why choose us point
461,116,add_workshop,Can add workshop
462,116,change_workshop,Can change workshop
463,116,delete_workshop,Can delete workshop
464,116,view_workshop,Can view workshop
465,117,add_campushero,Can add campus hero
466,117,change_campushero,Can change campus hero
467,117,delete_campushero,Can delete campus hero
468,117,view_campushero,Can view campus hero
469,118,add_departmentblock,Can add department block
470,118,change_departmentblock,Can change department block
471,118,delete_departmentblock,Can delete department block
472,118,view_departmentblock,Can view department block
473,119,add_ecocampusstat,Can add eco campus stat
474,119,change_ecocampusstat,Can change eco campus stat
475,119,delete_ecocampusstat,Can delete eco campus stat
476,119,view_ecocampusstat,Can view eco campus stat
477,120,add_ecoinitiative,Can add eco initiative
478,120,change_ecoinitiative,Can change eco initiative
479,120,delete_ecoinitiative,Can delete eco initiative
480,120,view_ecoinitiative,Can view eco initiative
481,121,add_foodcourtcategory,Can add food court category
482,121,change_foodcourtcategory,Can change food court category
483,121,delete_foodcourtcategory,Can delete food court category
484,121,view_foodcourtcategory,Can view food court category
485,122,add_hostelgalleryimage,Can add hostel gallery image
486,122,change_hostelgalleryimage,Can change hostel gallery image
487,122,delete_hostelgalleryimage,Can delete hostel gallery image
488,122,view_hostelgalleryimage,Can view hostel gallery image
489,123,add_impactstat,Can add impact stat
490,123,change_impactstat,Can change impact stat
491,123,delete_impactstat,Can delete impact stat
492,123,view_impactstat,Can view impact stat
493,124,add_librarystat,Can add library stat
494,124,change_librarystat,Can change library stat
495,124,delete_librarystat,Can delete library stat
496,124,view_librarystat,Can view library stat
497,125,add_sportfacility,Can add sport facility
498,125,change_sportfacility,Can change sport facility
499,125,delete_sportfacility,Can delete sport facility
500,125,view_sportfacility,Can view sport facility
501,126,add_studentclub,Can add student club
502,126,change_studentclub,Can change student club
503,126,delete_studentclub,Can delete student club
504,126,view_studentclub,Can view student club
505,127,add_studenttestimonial,Can add student testimonial
506,127,change_studenttestimonial,Can change student testimonial
507,127,delete_studenttestimonial,Can delete student testimonial
508,127,view_studenttestimonial,Can view student testimonial
509,128,add_virtualtour,Can add virtual tour
510,128,change_virtualtour,Can change virtual tour
511,128,delete_virtualtour,Can delete virtual tour
512,128,view_virtualtour,Can view virtual tour
513,129,add_foodcourtitem,Can add food court item
514,129,change_foodcourtitem,Can change food court item
515,129,delete_foodcourtitem,Can delete food court item
516,129,view_foodcourtitem,Can view food court item
517,130,add_coe_heroection,Can add coe_heroection
518,130,change_coe_heroection,Can change coe_heroection
519,130,delete_coe_heroection,Can delete coe_heroection
520,130,view_coe_heroection,Can view coe_heroection
521,131,add_funded_project,Can add funded_project
522,131,change_funded_project,Can change funded_project
523,131,delete_funded_project,Can delete funded_project
524,131,view_funded_project,Can view funded_project
525,132,add_funded_project_card,Can add funded_project_card
526,132,change_funded_project_card,Can change funded_project_card
527,132,delete_funded_project_card,Can delete funded_project_card
528,132,view_funded_project_card,Can view funded_project_card
529,133,add_funded_stats,Can add funded_stats
530,133,change_funded_stats,Can change funded_stats
531,133,delete_funded_stats,Can delete funded_stats
532,133,view_funded_stats,Can view funded_stats
533,134,add_highlights,Can add highlights
534,134,change_highlights,Can change highlights
535,134,delete_highlights,Can delete highlights
536,134,view_highlights,Can view highlights
537,135,add_join_startups,Can add join_startups
538,135,change_join_startups,Can change join_startups
539,135,delete_join_startups,Can delete join_startups
540,135,view_join_startups,Can view join_startups
541,136,add_publications,Can add publications
542,136,change_publications,Can change publications
543,136,delete_publications,Can delete publications
544,136,view_publications,Can view publications
545,137,add_publications_herosection,Can add publications_herosection
546,137,change_publications_herosection,Can change publications_herosection
547,137,delete_publications_herosection,Can delete publications_herosection
548,137,view_publications_herosection,Can view publications_herosection
549,138,add_researchhighlight,Can add research highlight
550,138,change_researchhighlight,Can change research highlight
551,138,delete_researchhighlight,Can delete research highlight
552,138,view_researchhighlight,Can view research highlight
553,139,add_researchlab,Can add research lab
554,139,change_researchlab,Can change research lab
555,139,delete_researchlab,Can delete research lab
556,139,view_researchlab,Can view research lab
557,140,add_startups,Can add startups
558,140,change_startups,Can change startups
559,140,delete_startups,Can delete startups
560,140,view_startups,Can view startups
561,141,add_startups_highlights,Can add startups_highlights
562,141,change_startups_highlights,Can change startups_highlights
563,141,delete_startups_highlights,Can delete startups_highlights
564,141,view_startups_highlights,Can view startups_highlights
565,142,add_application_process,Can add application_process
566,142,change_application_process,Can change application_process
567,142,delete_application_process,Can delete application_process
568,142,view_application_process,Can view application_process
569,143,add_career_services,Can add career_services
570,143,change_career_services,Can change career_services
571,143,delete_career_services,Can delete career_services
572,143,view_career_services,Can view career_services
573,144,add_companies,Can add companies
574,144,change_companies,Can change companies
575,144,delete_companies,Can delete companies
576,144,view_companies,Can view companies
577,145,add_department_stats,Can add department_stats
578,145,change_department_stats,Can change department_stats
579,145,delete_department_stats,Can delete department_stats
580,145,view_department_stats,Can view department_stats
581,146,add_esteemed_campus,Can add esteemed_campus
582,146,change_esteemed_campus,Can change esteemed_campus
583,146,delete_esteemed_campus,Can delete esteemed_campus
584,146,view_esteemed_campus,Can view esteemed_campus
585,147,add_internship_cards,Can add internship_cards
586,147,change_internship_cards,Can change internship_cards
587,147,delete_internship_cards,Can delete internship_cards
588,147,view_internship_cards,Can view internship_cards
589,148,add_internship_providers,Can add internship_providers
590,148,change_internship_providers,Can change internship_providers
591,148,delete_internship_providers,Can delete internship_providers
592,148,view_internship_providers,Can view internship_providers
593,149,add_journey_card,Can add journey_card
594,149,change_journey_card,Can change journey_card
595,149,delete_journey_card,Can delete journey_card
596,149,view_journey_card,Can view journey_card
597,150,add_keytopics_traning,Can add keytopics_traning
598,150,change_keytopics_traning,Can change keytopics_traning
599,150,delete_keytopics_traning,Can delete keytopics_traning
600,150,view_keytopics_traning,Can view keytopics_traning
601,151,add_package_distributons,Can add package_distributons
602,151,change_package_distributons,Can change package_distributons
603,151,delete_package_distributons,Can delete package_distributons
604,151,view_package_distributons,Can view package_distributons
605,152,add_placementoffertype,Can add placement offer type
606,152,change_placementoffertype,Can change placement offer type
607,152,delete_placementoffertype,Can delete placement offer type
608,152,view_placementoffertype,Can view placement offer type
609,153,add_ready_enhanceskills,Can add ready_enhanceskills
610,153,change_ready_enhanceskills,Can change ready_enhanceskills
611,153,delete_ready_enhanceskills,Can delete ready_enhanceskills
612,153,view_ready_enhanceskills,Can view ready_enhanceskills
613,154,add_recruitercompany,Can add recruiter company
614,154,change_recruitercompany,Can change recruiter company
615,154,delete_recruitercompany,Can delete recruiter company
616,154,view_recruitercompany,Can view recruiter company
617,155,add_recuriments_highlights,Can add recuriments_highlights
618,155,change_recuriments_highlights,Can change recuriments_highlights
619,155,delete_recuriments_highlights,Can delete recuriments_highlights
620,155,view_recuriments_highlights,Can view recuriments_highlights
621,156,add_report,Can add report
622,156,change_report,Can change report
623,156,delete_report,Can delete report
624,156,view_report,Can view report
625,157,add_technologies,Can add technologies
626,157,change_technologies,Can change technologies
627,157,delete_technologies,Can delete technologies
628,157,view_technologies,Can view technologies
629,158,add_training_career,Can add training_career
630,158,change_training_career,Can change training_career
631,158,delete_training_career,Can delete training_career
632,158,view_training_career,Can view training_career
633,159,add_ugpgplacementstats,Can add ugpg placement stats
634,159,change_ugpgplacementstats,Can change ugpg placement stats
635,159,delete_ugpgplacementstats,Can delete ugpg placement stats
636,159,view_ugpgplacementstats,Can view ugpg placement stats
637,160,add_upcoming_workshops,Can add upcoming_workshops
638,160,change_upcoming_workshops,Can change upcoming_workshops
639,160,delete_upcoming_workshops,Can delete upcoming_workshops
640,160,view_upcoming_workshops,Can view upcoming_workshops
641,161,add_what_inside,Can add what_inside
642,161,change_what_inside,Can change what_inside
643,161,delete_what_inside,Can delete what_inside
644,161,view_what_inside,Can view what_inside
645,162,add_what_recruiters_say,Can add what_recruiters_say
646,162,change_what_recruiters_say,Can change what_recruiters_say
647,162,delete_what_recruiters_say,Can delete what_recruiters_say
648,162,view_what_recruiters_say,Can view what_recruiters_say
649,163,add_achievement,Can add achievement
650,163,change_achievement,Can change achievement
651,163,delete_achievement,Can delete achievement
652,163,view_achievement,Can view achievement
653,164,add_activity,Can add activity
654,164,change_activity,Can change activity
655,164,delete_activity,Can delete activity
656,164,view_activity,Can view activity
657,165,add_amenity,Can add amenity
658,165,change_amenity,Can change amenity
659,165,delete_amenity,Can delete amenity
660,165,view_amenity,Can view amenity
661,166,add_campus_life_stats,Can add campus_life_stats
662,166,change_campus_life_stats,Can change campus_life_stats
663,166,delete_campus_life_stats,Can delete campus_life_stats
664,166,view_campus_life_stats,Can view campus_life_stats
665,167,add_ecoinitiative_stats,Can add eco initiative_stats
666,167,change_ecoinitiative_stats,Can change eco initiative_stats
667,167,delete_ecoinitiative_stats,Can delete eco initiative_stats
668,167,view_ecoinitiative_stats,Can view eco initiative_stats
669,168,add_facilityfeature,Can add facility feature
670,168,change_facilityfeature,Can change facility feature
671,168,delete_facilityfeature,Can delete facility feature
672,168,view_facilityfeature,Can view facility feature
673,169,add_foodoutlet,Can add food outlet
674,169,change_foodoutlet,Can change food outlet
675,169,delete_foodoutlet,Can delete food outlet
676,169,view_foodoutlet,Can view food outlet
677,170,add_greeninitiative,Can add green initiative
678,170,change_greeninitiative,Can change green initiative
679,170,delete_greeninitiative,Can delete green initiative
680,170,view_greeninitiative,Can view green initiative
681,171,add_hostel,Can add hostel
682,171,change_hostel,Can change hostel
683,171,delete_hostel,Can delete hostel
684,171,view_hostel,Can view hostel
685,172,add_hosteldetail,Can add Hostel Detail
686,172,change_hosteldetail,Can change Hostel Detail
687,172,delete_hosteldetail,Can delete Hostel Detail
688,172,view_hosteldetail,Can view Hostel Detail
689,173,add_hostellifesection,Can add Hostel Life Section
690,173,change_hostellifesection,Can change Hostel Life Section
691,173,delete_hostellifesection,Can delete Hostel Life Section
692,173,view_hostellifesection,Can view Hostel Life Section
693,174,add_join_nssandncc,Can add join_nssandncc
694,174,change_join_nssandncc,Can change join_nssandncc
695,174,delete_join_nssandncc,Can delete join_nssandncc
696,174,view_join_nssandncc,Can view join_nssandncc
697,175,add_key_highlights,Can add key_highlights
698,175,change_key_highlights,Can change key_highlights
699,175,delete_key_highlights,Can delete key_highlights
700,175,view_key_highlights,Can view key_highlights
701,176,add_library_gbu,Can add library_gbu
702,176,change_library_gbu,Can change library_gbu
703,176,delete_library_gbu,Can delete library_gbu
704,176,view_library_gbu,Can view library_gbu
705,177,add_libraryfacility,Can add library facility
706,177,change_libraryfacility,Can change library facility
707,177,delete_libraryfacility,Can delete library facility
708,177,view_libraryfacility,Can view library facility
709,178,add_librarystats,Can add library stats
710,178,change_librarystats,Can change library stats
711,178,delete_librarystats,Can delete library stats
712,178,view_librarystats,Can view library stats
713,179,add_meditation_herosection,Can add meditation_herosection
714,179,change_meditation_herosection,Can change meditation_herosection
715,179,delete_meditation_herosection,Can delete meditation_herosection
716,179,view_meditation_herosection,Can view meditation_herosection
717,180,add_meditationbenefit,Can add meditation benefit
718,180,change_meditationbenefit,Can change meditation benefit
719,180,delete_meditationbenefit,Can delete meditation benefit
720,180,view_meditationbenefit,Can view meditation benefit
721,181,add_meditationsession,Can add meditation session
722,181,change_meditationsession,Can change meditation session
723,181,delete_meditationsession,Can delete meditation session
724,181,view_meditationsession,Can view meditation session
725,182,add_meditationtechnique,Can add meditation technique
726,182,change_meditationtechnique,Can change meditation technique
727,182,delete_meditationtechnique,Can delete meditation technique
728,182,view_meditationtechnique,Can view meditation technique
729,183,add_organization,Can add organization
730,183,change_organization,Can change organization
731,183,delete_organization,Can delete organization
732,183,view_organization,Can view organization
733,184,add_sportsfacility,Can add sports facility
734,184,change_sportsfacility,Can change sports facility
735,184,delete_sportsfacility,Can delete sports facility
736,184,view_sportsfacility,Can view sports facility
737,185,add_student_club,Can add student_club
738,185,change_student_club,Can change student_club
739,185,delete_student_club,Can delete student_club
740,185,view_student_club,Can view student_club
741,186,add_tag,Can add tag
742,186,change_tag,Can change tag
743,186,delete_tag,Can delete tag
744,186,view_tag,Can view tag
745,187,add_branch,Can add branch
746,187,change_branch,Can change branch
747,187,delete_branch,Can delete branch
748,187,view_branch,Can view branch
749,188,add_joinouralumni,Can add Join Our Alumni Banner
750,188,change_joinouralumni,Can change Join Our Alumni Banner
751,188,delete_joinouralumni,Can delete Join Our Alumni Banner
752,188,view_joinouralumni,Can view Join Our Alumni Banner
753,189,add_alumniprofile,Can add Alumni Profile
754,189,change_alumniprofile,Can change Alumni Profile
755,189,delete_alumniprofile,Can delete Alumni Profile
756,189,view_alumniprofile,Can view Alumni Profile
757,190,add_contact,Can add contact
758,190,change_contact,Can change contact
759,190,delete_contact,Can delete contact
760,190,view_contact,Can view contact
761,191,add_contact_herosection,Can add contact_herosection
762,191,change_contact_herosection,Can change contact_herosection
763,191,delete_contact_herosection,Can delete contact_herosection
764,191,view_contact_herosection,Can view contact_herosection
765,192,add_school_ict_herosection,Can add school_ict_herosection
766,192,change_school_ict_herosection,Can change school_ict_herosection
767,192,delete_school_ict_herosection,Can delete school_ict_herosection
768,192,view_school_ict_herosection,Can view school_ict_herosection
769,193,add_contact,Can add contact
770,193,change_contact,Can change contact
771,193,delete_contact,Can delete contact
772,193,view_contact,Can view contact
773,194,add_contact_herosection,Can add contact_herosection
774,194,change_contact_herosection,Can change contact_herosection
775,194,delete_contact_herosection,Can delete contact_herosection
776,194,view_contact_herosection,Can view contact_herosection
777,195,add_aboutoverview,Can add about overview
778,195,change_aboutoverview,Can change about overview
779,195,delete_aboutoverview,Can delete about overview
780,195,view_aboutoverview,Can view about overview
781,196,add_administrationrole,Can add administration role
782,196,change_administrationrole,Can change administration role
783,196,delete_administrationrole,Can delete administration role
784,196,view_administrationrole,Can view administration role
785,197,add_administrativeimpact,Can add administrative impact
786,197,change_administrativeimpact,Can change administrative impact
787,197,delete_administrativeimpact,Can delete administrative impact
788,197,view_administrativeimpact,Can view administrative impact
789,198,add_committeemembershipadministration,Can add committee membership administration
790,198,change_committeemembershipadministration,Can change committee membership administration
791,198,delete_committeemembershipadministration,Can delete committee membership administration
792,198,view_committeemembershipadministration,Can view committee membership administration
793,199,add_educationalqualification,Can add educational qualification
794,199,change_educationalqualification,Can change educational qualification
795,199,delete_educationalqualification,Can delete educational qualification
796,199,view_educationalqualification,Can view educational qualification
797,200,add_lectureslideteaching,Can add lecture slide teaching
798,200,change_lectureslideteaching,Can change lecture slide teaching
799,200,delete_lectureslideteaching,Can delete lecture slide teaching
800,200,view_lectureslideteaching,Can view lecture slide teaching
801,201,add_overviewquicklink,Can add overview quick link
802,201,change_overviewquicklink,Can change overview quick link
803,201,delete_overviewquicklink,Can delete overview quick link
804,201,view_overviewquicklink,Can view overview quick link
805,202,add_overviewresearch,Can add overview research
806,202,change_overviewresearch,Can change overview research
807,202,delete_overviewresearch,Can delete overview research
808,202,view_overviewresearch,Can view overview research
809,203,add_professionalexperiencequalification,Can add professional experience qualification
810,203,change_professionalexperiencequalification,Can change professional experience qualification
811,203,delete_professionalexperiencequalification,Can delete professional experience qualification
812,203,view_professionalexperiencequalification,Can view professional experience qualification
813,204,add_researchassistant,Can add research assistant
814,204,change_researchassistant,Can change research assistant
815,204,delete_researchassistant,Can delete research assistant
816,204,view_researchassistant,Can view research assistant
817,205,add_researchgroupoverviewdescription,Can add research group overview description
818,205,change_researchgroupoverviewdescription,Can change research group overview description
819,205,delete_researchgroupoverviewdescription,Can delete research group overview description
820,205,view_researchgroupoverviewdescription,Can view research group overview description
821,206,add_researchgroupoverviewstat,Can add research group overview stat
822,206,change_researchgroupoverviewstat,Can change research group overview stat
823,206,delete_researchgroupoverviewstat,Can delete research group overview stat
824,206,view_researchgroupoverviewstat,Can view research group overview stat
825,207,add_researchstat,Can add research stat
826,207,change_researchstat,Can change research stat
827,207,delete_researchstat,Can delete research stat
828,207,view_researchstat,Can view research stat
829,208,add_summarydashboard,Can add summary dashboard
830,208,change_summarydashboard,Can change summary dashboard
831,208,delete_summarydashboard,Can delete summary dashboard
832,208,view_summarydashboard,Can view summary dashboard
833,209,add_teaching,Can add teaching
834,209,change_teaching,Can change teaching
835,209,delete_teaching,Can delete teaching
836,209,view_teaching,Can view teaching
837,210,add_teachingstat,Can add teaching stat
838,210,change_teachingstat,Can change teaching stat
839,210,delete_teachingstat,Can delete teaching stat
840,210,view_teachingstat,Can view teaching stat
841,211,add_coursecode,Can add course code
842,211,change_coursecode,Can change course code
843,211,delete_coursecode,Can delete course code
844,211,view_coursecode,Can view course code
845,212,add_coursestaughtteaching,Can add courses taught teaching
846,212,change_coursestaughtteaching,Can change courses taught teaching
847,212,delete_coursestaughtteaching,Can delete courses taught teaching
848,212,view_coursestaughtteaching,Can view courses taught teaching
849,213,add_facultydirectory,Can add faculty directory
850,213,change_facultydirectory,Can change faculty directory
851,213,delete_facultydirectory,Can delete faculty directory
852,213,view_facultydirectory,Can view faculty directory
853,214,add_researcharea,Can add research area
854,214,change_researcharea,Can change research area
855,214,delete_researcharea,Can delete research area
856,214,view_researcharea,Can view research area
857,215,add_researchcategory,Can add research category
858,215,change_researchcategory,Can change research category
859,215,delete_researchcategory,Can delete research category
860,215,view_researchcategory,Can view research category
861,216,add_researchgroupoverview,Can add research group overview
862,216,change_researchgroupoverview,Can change research group overview
863,216,delete_researchgroupoverview,Can delete research group overview
864,216,view_researchgroupoverview,Can view research group overview
865,217,add_researchproject,Can add research project
866,217,change_researchproject,Can change research project
867,217,delete_researchproject,Can delete research project
868,217,view_researchproject,Can view research project
869,218,add_researchcollaborator,Can add research collaborator
870,218,change_researchcollaborator,Can change research collaborator
871,218,delete_researchcollaborator,Can delete research collaborator
872,218,view_researchcollaborator,Can view research collaborator
873,219,add_bookingherosection,Can add booking hero section
874,219,change_bookingherosection,Can change booking hero section
875,219,delete_bookingherosection,Can delete booking hero section
876,219,view_bookingherosection,Can view booking hero section
877,220,add_userrole,Can add user role
878,220,change_userrole,Can change user role
879,220,delete_userrole,Can delete user role
880,220,view_userrole,Can view user role
881,221,add_bookingfacility,Can add booking facility
882,221,change_bookingfacility,Can change booking facility
883,221,delete_bookingfacility,Can delete booking facility
884,221,view_bookingfacility,Can view booking facility
885,222,add_publications,Can add publications
886,222,change_publications,Can change publications
887,222,delete_publications,Can delete publications
888,222,view_publications,Can view publications
