id,app,name,applied
1,contenttypes,0001_initial,2025-06-16 07:29:21.778532
2,auth,0001_initial,2025-06-16 07:29:21.821157
3,admin,0001_initial,2025-06-16 07:29:21.866000
4,admin,0002_logentry_remove_auto_add,2025-06-16 07:29:21.889761
5,admin,0003_logentry_add_action_flag_choices,2025-06-16 07:29:21.912711
6,contenttypes,0002_remove_content_type_name,2025-06-16 07:29:21.958977
7,auth,0002_alter_permission_name_max_length,2025-06-16 07:29:21.992579
8,auth,0003_alter_user_email_max_length,2025-06-16 07:29:22.021006
9,auth,0004_alter_user_username_opts,2025-06-16 07:29:22.043292
10,auth,0005_alter_user_last_login_null,2025-06-16 07:29:22.062378
11,auth,0006_require_contenttypes_0002,2025-06-16 07:29:22.069782
12,auth,0007_alter_validators_add_error_messages,2025-06-16 07:29:22.095363
13,auth,0008_alter_user_username_max_length,2025-06-16 07:29:22.120324
14,auth,0009_alter_user_last_name_max_length,2025-06-16 07:29:22.142796
15,auth,0010_alter_group_name_max_length,2025-06-16 07:29:22.176579
16,auth,0011_update_proxy_permissions,2025-06-16 07:29:22.198777
17,auth,0012_alter_user_first_name_max_length,2025-06-16 07:29:22.232904
18,sessions,0001_initial,2025-06-16 07:29:22.251935
19,myapp,0001_initial,2025-06-16 12:44:00.153302
20,myapp,0002_campus_gallery_campus_life_companies_hiring_and_more,2025-06-17 05:21:05.173580
21,aboutapp,0001_initial,2025-06-19 05:14:51.998283
22,academicapp,0001_initial,2025-06-19 12:18:52.849537
23,landing_pageapp,0001_initial,2025-06-19 13:49:26.576337
24,landing_pageapp,0002_campus_gallery_campus_life_companies_hiring_and_more,2025-06-19 13:49:26.621423
25,landing_pageapp,0003_rename_button_link_banner_button1_url_and_more,2025-06-20 05:43:00.504147
26,aboutapp,0002_aboutuscard_chancellorherosection_chancellormessage_and_more,2025-06-24 04:15:23.631347
27,admissionapp,0001_initial,2025-06-24 04:15:23.741955
28,campuslifeapp,0001_initial,2025-06-24 04:15:23.804675
29,placementapp,0001_initial,2025-06-24 04:15:23.859619
30,site_confugirations,0001_initial,2025-06-24 04:15:23.881775
31,Researchapp,0001_initial,2025-06-24 05:46:19.719315
32,Aluminiapp,0001_initial,2025-06-25 06:25:26.055543
33,campuslifeapp,0002_achievement_activity_amenity_campus_life_stats_and_more,2025-06-25 06:25:26.235002
34,placementapp,0002_application_process_career_services_companies_and_more,2025-06-25 06:25:26.427874
35,Researchapp,0002_alter_publications_impact_factor,2025-06-25 06:33:04.986695
36,faculty_directory,0001_initial,2025-06-25 09:50:32.034213
37,Schoolapp,0001_initial,2025-06-26 07:38:27.400379
38,academicapp,0002_alter_facultymember_background_color_and_more,2025-06-26 07:38:27.434896
39,campuslifeapp,0003_alter_achievement_options_alter_activity_options_and_more,2025-06-26 07:38:27.481952
40,faculty_directory,0002_alter_contact_herosection_gradient_color,2025-06-26 07:38:27.491637
41,campuslifeapp,0004_rename_student_achievement_student_club,2025-06-26 08:00:33.593523
42,campuslifeapp,0005_rename_student_club_achievement_student,2025-06-26 08:10:03.958821
43,campuslifeapp,0006_rename_student_achievement_student_club,2025-06-26 08:10:23.371301
44,campuslifeapp,0007_rename_student_club_achievement_club_name,2025-06-26 08:25:40.817266
45,landing_pageapp,0002_alter_excellence_in_education_category,2025-06-26 09:24:40.371072
46,landing_pageapp,0003_alter_excellence_in_education_category,2025-06-26 09:24:40.385955
47,landing_pageapp,0004_alter_excellence_in_education_category,2025-06-26 09:24:40.395226
48,landing_pageapp,0005_alter_excellence_in_education_category,2025-06-26 09:31:12.944661
49,landing_pageapp,0002_leadership_url,2025-06-26 10:58:48.333499
50,contact_directory,0001_initial,2025-06-26 11:35:47.851424
51,landing_pageapp,0003_remove_leadership_url,2025-06-26 11:35:47.889807
52,Bookingapp,0001_initial,2025-06-27 07:03:03.184804
53,facultyDirectory,0001_initial,2025-06-27 07:03:03.384435
54,landing_pageapp,0006_alter_excellence_in_education_category,2025-06-27 07:09:22.153791
55,landing_pageapp,0007_remove_quickaccess_title_leadership_url_and_more,2025-06-27 08:02:11.769050
56,facultyDirectory,0002_publications,2025-06-27 08:02:21.435036
57,landing_pageapp,0008_alter_excellence_in_education_category,2025-06-27 08:02:21.457088
58,landing_pageapp,0009_alter_excellence_in_education_category,2025-06-27 08:14:51.894808
59,landing_pageapp,0010_alter_excellence_in_education_category,2025-06-27 09:22:42.168626
