id,app_label,model
1,admin,logentry
2,auth,permission
3,auth,group
4,auth,user
5,contenttypes,contenttype
6,sessions,session
7,myapp,about
8,myapp,banner
9,myapp,glance
10,myapp,quickaccess
11,myapp,section
12,myapp,campus_gallery
13,myapp,campus_life
14,myapp,companies_hiring
15,myapp,excellence_in_education
16,myapp,glancestat
17,myapp,leadership
18,myapp,newsandevents
19,myapp,virtualexperience
20,aboutapp,documentcard
21,aboutapp,genericcard
22,aboutapp,globalcollaborationcard
23,aboutapp,governancecard
24,aboutapp,herosection
25,aboutapp,imagecard
26,aboutapp,progressbar
27,aboutapp,tabsection
28,aboutapp,timelineelement
29,academicapp,academic_stayupdated
30,academicapp,academicevent
31,academicapp,academicherosection
32,academicapp,academicregulation
33,academicapp,benefits_cbcbs
34,academicapp,cbcs_courses
35,academicapp,cbcs_gradingscale
36,academicapp,centerofexcellence
37,academicapp,coe_gallery
38,academicapp,collaborationprogram
39,academicapp,collaborations_mou
40,academicapp,explore_cbcs
41,academicapp,faculty_join
42,academicapp,facultydirectory
43,academicapp,facultymember
44,academicapp,herosection_cbcs
45,academicapp,herosection_centereofexcellence
46,academicapp,herosection_mou
47,academicapp,herosection_reports
48,academicapp,institutionalreport
49,academicapp,join_coe
50,academicapp,partnerinstitute
51,academicapp,school
52,academicapp,upcomingopportunity
53,academicapp,what_is_cbcs
54,landing_pageapp,about
55,landing_pageapp,banner
56,landing_pageapp,quickaccess
57,landing_pageapp,campus_gallery
58,landing_pageapp,campus_life
59,landing_pageapp,companies_hiring
60,landing_pageapp,excellence_in_education
61,landing_pageapp,glancestat
62,landing_pageapp,leadership
63,landing_pageapp,newsandevents
64,landing_pageapp,virtualexperience
65,aboutapp,aboutuscard
66,aboutapp,chancellorherosection
67,aboutapp,chancellormessage
68,aboutapp,governanceherosection
69,aboutapp,herosectionaboutus
70,aboutapp,knowvicechancellor
71,aboutapp,mandatorybodysection
72,aboutapp,mandatoryherosection
73,aboutapp,policiesherosection
74,aboutapp,regulatorycompliance
75,aboutapp,rti
76,aboutapp,universitypolicy
77,aboutapp,vicechancellorherosection
78,aboutapp,vicechancellormessage
79,site_confugirations,footer
80,site_confugirations,navbar
81,site_confugirations,themes
82,admissionapp,actionbutton
83,admissionapp,admission_process
84,admissionapp,admissiontab_international
85,admissionapp,applicationstep_international
86,admissionapp,contactoffice_ainternationaldmissions
87,admissionapp,courses_coursesoffered
88,admissionapp,courses_offered
89,admissionapp,eligibility_rservation
90,admissionapp,eligibilityrequirement_interanational
91,admissionapp,fee_structure
92,admissionapp,feestructure_internationaladdmisions
93,admissionapp,importantdate
94,admissionapp,international_admissions
95,admissionapp,program_feestructure
96,admissionapp,programs_eligibility
97,admissionapp,ready_to_apply_coussesoffered
98,admissionapp,requireddocument
99,admissionapp,scholarship_international
100,admissionapp,schools_coursesoffered
101,admissionapp,stats_coursesoffered
102,admissionapp,stats_international
103,admissionapp,step_process
104,admissionapp,studentsupportservice_international
105,admissionapp,requireddocument_international
106,placementapp,brochuresectionitem
107,placementapp,careersupportstat
108,placementapp,internshipopportunity
109,placementapp,internshipstep
110,placementapp,placementbrochure
111,placementapp,placementstatistic
112,placementapp,recruiter
113,placementapp,stats
114,placementapp,trainingprogram
115,placementapp,whychooseuspoint
116,placementapp,workshop
117,campuslifeapp,campushero
118,campuslifeapp,departmentblock
119,campuslifeapp,ecocampusstat
120,campuslifeapp,ecoinitiative
121,campuslifeapp,foodcourtcategory
122,campuslifeapp,hostelgalleryimage
123,campuslifeapp,impactstat
124,campuslifeapp,librarystat
125,campuslifeapp,sportfacility
126,campuslifeapp,studentclub
127,campuslifeapp,studenttestimonial
128,campuslifeapp,virtualtour
129,campuslifeapp,foodcourtitem
130,Researchapp,coe_heroection
131,Researchapp,funded_project
132,Researchapp,funded_project_card
133,Researchapp,funded_stats
134,Researchapp,highlights
135,Researchapp,join_startups
136,Researchapp,publications
137,Researchapp,publications_herosection
138,Researchapp,researchhighlight
139,Researchapp,researchlab
140,Researchapp,startups
141,Researchapp,startups_highlights
142,placementapp,application_process
143,placementapp,career_services
144,placementapp,companies
145,placementapp,department_stats
146,placementapp,esteemed_campus
147,placementapp,internship_cards
148,placementapp,internship_providers
149,placementapp,journey_card
150,placementapp,keytopics_traning
151,placementapp,package_distributons
152,placementapp,placementoffertype
153,placementapp,ready_enhanceskills
154,placementapp,recruitercompany
155,placementapp,recuriments_highlights
156,placementapp,report
157,placementapp,technologies
158,placementapp,training_career
159,placementapp,ugpgplacementstats
160,placementapp,upcoming_workshops
161,placementapp,what_inside
162,placementapp,what_recruiters_say
163,campuslifeapp,achievement
164,campuslifeapp,activity
165,campuslifeapp,amenity
166,campuslifeapp,campus_life_stats
167,campuslifeapp,ecoinitiative_stats
168,campuslifeapp,facilityfeature
169,campuslifeapp,foodoutlet
170,campuslifeapp,greeninitiative
171,campuslifeapp,hostel
172,campuslifeapp,hosteldetail
173,campuslifeapp,hostellifesection
174,campuslifeapp,join_nssandncc
175,campuslifeapp,key_highlights
176,campuslifeapp,library_gbu
177,campuslifeapp,libraryfacility
178,campuslifeapp,librarystats
179,campuslifeapp,meditation_herosection
180,campuslifeapp,meditationbenefit
181,campuslifeapp,meditationsession
182,campuslifeapp,meditationtechnique
183,campuslifeapp,organization
184,campuslifeapp,sportsfacility
185,campuslifeapp,student_club
186,campuslifeapp,tag
187,Aluminiapp,branch
188,Aluminiapp,joinouralumni
189,Aluminiapp,alumniprofile
190,faculty_directory,contact
191,faculty_directory,contact_herosection
192,Schoolapp,school_ict_herosection
193,contact_directory,contact
194,contact_directory,contact_herosection
195,facultyDirectory,aboutoverview
196,facultyDirectory,administrationrole
197,facultyDirectory,administrativeimpact
198,facultyDirectory,committeemembershipadministration
199,facultyDirectory,educationalqualification
200,facultyDirectory,lectureslideteaching
201,facultyDirectory,overviewquicklink
202,facultyDirectory,overviewresearch
203,facultyDirectory,professionalexperiencequalification
204,facultyDirectory,researchassistant
205,facultyDirectory,researchgroupoverviewdescription
206,facultyDirectory,researchgroupoverviewstat
207,facultyDirectory,researchstat
208,facultyDirectory,summarydashboard
209,facultyDirectory,teaching
210,facultyDirectory,teachingstat
211,facultyDirectory,coursecode
212,facultyDirectory,coursestaughtteaching
213,facultyDirectory,facultydirectory
214,facultyDirectory,researcharea
215,facultyDirectory,researchcategory
216,facultyDirectory,researchgroupoverview
217,facultyDirectory,researchproject
218,facultyDirectory,researchcollaborator
219,Bookingapp,bookingherosection
220,Bookingapp,userrole
221,Bookingapp,bookingfacility
222,facultyDirectory,publications
