name,seq
django_migrations,59
django_admin_log,11
django_content_type,222
auth_permission,888
auth_group,0
auth_user,2
myapp_about,1
myapp_quickaccess,1
myapp_banner,1
myapp_glancestat,1
landing_pageapp_banner,2
landing_pageapp_about,0
landing_pageapp_campus_gallery,0
landing_pageapp_campus_life,0
landing_pageapp_excellence_in_education,0
landing_pageapp_leadership,0
landing_pageapp_virtualexperience,0
campuslifeapp_campushero,0
campuslifeapp_ecocampusstat,0
campuslifeapp_foodcourtcategory,0
campuslifeapp_foodcourtitem,0
campuslifeapp_impactstat,0
campuslifeapp_librarystat,0
campuslifeapp_studenttestimonial,0
campuslifeapp_amenity,0
campuslifeapp_facilityfeature,0
placementapp_brochuresectionitem,0
placementapp_internshipopportunity,0
placementapp_placementbrochure,0
placementapp_placementstatistic,0
placementapp_trainingprogram,0
Researchapp_publications,0
academicapp_facultymember,1
campuslifeapp_activity,0
campuslifeapp_achievement,0
landing_pageapp_quickaccess,1
admissionapp_courses_coursesoffered,1
